<?xml version="1.0"?>

<Company xmlns:xsi="http://www.w3.org/2001/XMLSchema-instance"
		xsi:noNamespaceSchemaLocation="Employee.xsd">
	<Employee EmployeeID="101">
		<EmployeeName>Robert</EmployeeName>
		<Age>21</Age>
		<Gender>Male</Gender>
		<Phone>9087654321</Phone>
		<Email>robert@cg.com</Email>
		<DOJ>2018-12-24</DOJ>
		<City>Pune</City>
	</Employee>
	<Employee EmployeeID="102">
		<EmployeeName>John</EmployeeName>
		<Age>45</Age>
		<Gender>Male</Gender>
		<Phone>7890654321</Phone>
		<Email>john@cg.com</Email>
		<DOJ>2000-01-01</DOJ>
		<City>Hyderabad</City>
	</Employee>
</Company>
